Id,Author,mod_title,Genre,Comment
,,Ablaßbrief,Religious,
,,Abschiedsgruß,Minnerede,
,,Adam und Eva,Geist.Parodie,
,,Adam und Eva A,Geist.Parodie,
,Konrad von Würzburg,Alexius,Legende,
,,Alexius C,Legende,
,,Alphabetischer Liebesgruss (B141),Minnerede,
,,Alten Weibes List,,
,,Alter Ehemann,Minnerede,
,,Alter Ehemann junge Ehefrau,Maere,
,,Anrufung der Minne,Minnerede,
,,Aristoteles und Phyllis,Maere,
,,Aristoteleslehre,Didaktik,
,,Ave Maria-Parodie,Geist.Parodie,
,Rudolf von Ems,Barlaam und Josaphat,Legende,
,,Bauernregel,Recht,
,,Bekenntnis,Minnerede,
,,Belauschtes Liebesgespräch,Minnerede,
,,Belehrung eines jungen Mannes,Minnerede,
,,Berchta,Maere,
,,Berliner Liebesbrief I (B148),Minnerede,
,,Berliner Liebesbrief II (B149),Minnerede,
,,Berliner Liebesbrief III (B150),Minnerede,
,,Berliner Liebesbrief IV (B151),Minnerede,
,Freidank,Bescheidenheit,Moral,
,–,Beständigkeit und Wankelmut,Moral,
,,Bestrafte Untreue,Minnerede,
,–,Bestraftes Misstrauen,Minnerede,
,–,Besuch bei der Geliebten,Minnerede,
,–,Beteuerung ewiger Treue,Minnerede,
,,Bettgespräch,Minnerede,
,,Biterolf und Dietlieb,Epik,
,–,Biterolf und Dietlieb (Biterolf),Epik,
,–,Bremse im Blütenhaus,Fabel,
,–,Cato,Didaktik,
,,Cato-Parodie,,
,–,Christliche Lebenslehre,Religious,
367-79,Der Stricker,Christus eine gebärende Frau,Religious,
,,Cisioianus,,
,,Contra feminas,,
,,Crescentia,Legende,
,,Crescentia C,Legende,
,–,Das Almosen,Religious,
,Meister Altswert,Das alte Schwert,Minnerede,
,,Das Alter von Zaun Hund Pferd usw,Fabel,
,–,Das Auge,Maere,
367-80,Der Stricker,Das Bild,Maere,
,Der Stricker,Das Bloch,Maere,
,–,Das Büchlein,Minnerede,
,Rudolf von Ems,Das Einhorn,Legende,
367-106,Der Stricker,Das entweihte Gotteshaus,Maere,
367-142,Der Stricker,Das erzwingene Gelübde,Maere,
,–,Das Frauenturnier,Maere,Latin
,–,Das Gänslein,Maere,
,,Das gebratene Ei,Maere,
,,Das Gnaistli,Maere,
,,Das goldene Jahr,,
,–,Das Häslein,Maere,
367-28,Der Stricker,Das heiße Eisen,Maere,Latin
,Egen von Bamberg,Das Herz,Minnerede,
1563,–,Das Herz als Garten der Liebe,Minnerede,
,Konrad von Würzburg,Das Herzmaere,Maere,
367-2,Der Stricker,Das Katzenauge,Maere,
,–,Das Kerbelkraut (Weiberlist),Minnerede,
,,Das Kloster der Minne,Minnerede,
,,Das Kreuz,,
,,Das Meiden,Minnerede,
,Ebelin von Eselsberg,Das nackte Bild,Minnerede,Latin
,,Das neue Deutsch,Minnerede,
,Johannes von Freiberg,Das Rädlein,Minnerede,
,–,Das Scheiden,Minnerede,
,,Das schlaue Gretlein,Maere,
,,Das Schleiertüchlein,Maere,
,,Das Schloss Immer,Minnerede,
,–,Das Schneekind,Maere,
367-125,Der Stricker,Das stinkende Haus,Maere,
,,Das Strohkränzlein,Minnerede,
,,Das Turnier von Nanthes,Epik,
,,Das Unglück,Minnerede,
,,Das Vergißmeinnicht,Maere,
,–,Das Wachtelmäre,Maere,
367-144,Der Stricker,Das weisse Tuch,Maere,
,,Das Wesen der Minne,Minnerede,
,,Das Wesen der Minne II,Minnerede,
367-57,Der Stricker,Das wilde Roß,Maere,
367-31,Der Stricker,Das Wildpret,Maere,
,Peter Suchenwirt,Das Würfelspiel,Moral,
,–,Das Zauberkraut,Minnerede,
,–,Das Zelt der Minne,Minnerede,
,–,Daz brechen leit,Minnerede,
,,De contemptu mundi,Religious,
,,De curia romana,Religious,
,,Der Allenfrauenhold,Minnerede,
,Hartmann von Aue,Der arme Heinrich,Legende,
,–,Der arme Lazarus,Legende,
367-38,Der Stricker,Der arme und der reiche König,Maere,Latin
,,Der Axtstiel,Maere,
,,Der Barbier,Maere,
,Durst,Der Bauern Hoffart,Maere,
,–,Der Bauern Lob,Maere,Latin
,–,Der Baum mit dem dürren Ast,Maere,
367-27,Der Stricker,Der begrabene Ehemann,Maere,
,,Der betrogene Blinde,Maere,
,Herrand von Wildonie,Der betrogene Gatte,Maere,
,,Der Bildschnitzer von Würzburg,Maere,
367-75,Der Stricker,Der blinde Dieb,Maere,
,Dietrich von der Glezze,Der Borte,Maere,
,,Der bösen klaffer Trügen,Maere,
,,Der Bussard,Maere,
,Der Stricker,Der durstige Einsiedel,Maere,
367-129,Der Stricker,Der eigensinnige Spötter,Maere,
367-162,Der Stricker,Der einfältige Ritter,Maere,
,,Der Einsiedel,Maere,
,,Der eiserne und der irdene Hafen,Maere,
,,Der entflogene Falke,Maere,
367-98,Der Stricker,Der ernsthafte König,Maere,
,–,Der erste Buchstabe der Geliebten,Minnerede,
367-70,Der Stricker,Der Esel,Fabel,
,,Der Esel in der Löwenhaut,Fabel,
,,Der Esel und der Wolf,Fabel,
,,Der Eselsgeselle,Fabel,
,Der Stricker,Der falsche Blinde,Maere,
,,Der falschen Klaffer List,Maere,
,Der Stricker,Der Feldbauer,Maere,
,,Der Fischer und der kleine Fisch,Bispel,
,,Der Frau Venus neue Ordnung,Minnerede,
,,Der fremde Sinn,Minnerede,
,,Der Fürsten Teilung,,
367-68,Der Stricker,Der Gärtner,Maere,
367-136,Der Stricker,Der Gast und die Wirtin,Maere,
367-132,Der Stricker,Der gefangene Räuber,Maere,
367-165,Der Stricker,Der geprüfte Diener,Maere,
,Elsässischer Anonymus,Der gestohlene Schinken,Maere,
367-145,Der Stricker,Der Gevatterin Rat,Maere,
,,Der Graf von Rom,,
,–,Der Guardian,Minnerede,
,Dietrich von der Glezze,Der Gürtel,Minnerede,
,–,Der Habicht und das Huhn,Fabel,
,,Der Hahn und die Henne,Fabel,
367-65,Der Stricker,Der Hahn und die Perle,Fabel,
367-44,Der Stricker,Der Hase,Fabel,
,Der Vriolsheimer,Der Hasenbraten,Maere,
,,Der Hauskummer,Maere,
,,Der Heller der armen Frau,Maere,
,Hermann Fressant,Der Hellerwertwitz,Maere,
,–,Der Herbst und der Mai,Maere,
,,Der Herr mit den vier Frauen,Maere,
,–,Der Herrgottschnitzer,Maere,
,–,Der hohle Baum,Maere,
367-67,Der Stricker,Der Hort,Maere,
,,Der Hund am Wasser,Bispel,
367-101,Der Stricker,Der Hund und der Stein,Fabel,
367-37,Der Stricker,Der Juden Abgott,Bispel,
367-35,Der Stricker,Der junge Baum,Maere,
367-39,Der Stricker,Der junge Ratgeber,Maere,
,Konrad von Haslau,Der Jüngling,Maere,
367-29,Der Stricker,Der Käfer im Rosenhaus,Fabel,
367-32,Der Stricker,Der Kater als Freier,Fabel,
367-52,Der Stricker,Der Kirchtag,Bispel,
,Meister Altswert,Der Kittel,Minnerede,
367-f127k,Der Stricker,Der kluge Knecht,Maere,
,,Der Knappe und die Frau,Maere,
,Hans Rosenplüt,Der Knecht im Garten,Maere,
367-90,Der Stricker,Der Knecht in Herrenkleidern,Maere,
,–,Der König im Bad,Maere,
367-164,Der Stricker,Der König und sein Feind,Maere,
,,Der Kornkäfer,Fabel,
367-54,Der Stricker,Der Krämer,Maere,
,,Der Krautgarten,Maere,
,,Der Krebs und sein Kind,Fabel,
,,Der Landstricher im Freudenhaus,Maere,
,,Der Liebende vor Frau Ehre,Minnerede,
,Gozold,Der Liebesbrief,Minnerede,
,,Der Löwe und die Geiß,Fabel,
,–,Der Löwe und die Maus,Fabel,
,,Der Löwe und sein Sohn,Fabel,
,–,Der Magezoge,Maere,
,,Der Maienkranz,Minnerede,
,,Der Mantel,Maere,
367-103,Der Stricker,Der Marktdieb,Maere,
,–,Der milde König,Maere,
,,Der minne Gericht,Minnerede,
,,Der Minne Gericht III,Minnerede,
,Perchtolt,Der Minne Klaffer,Minnerede,
,,Der minne Klaffer,Minnerede,
,–,Der Minne Kraft,Minnerede,
,Konrad Harder,Der Minne Lehen,Minnerede,
,–,Der Minne Porten,Minnerede,
,,Der Minne Regel,Minnerede,
,,Der Minnegerende,Minnerede,
,,Der Minnegerende,Minnerede,
,,Der minnenden Zwist und Versöhnung,Minnerede,
,,Der Minner im Garten,Minnerede,
,,Der Minner und der Kriegsmann,Minnerede,
,,Der Mönch als Liebesbote,Maere,
,–,Der Mönch als Liebesbote A,Maere,
,,Der Müller und sein Sohn,Maere,
,,Der nächste Weg zum Himmel,Religious,
367-84,Der Stricker,Der nackte Bote,Maere,
,Herrand von Wildonie,Der nackte Kaiser,Maere,
367-85,Der Stricker,Der nackte Ritter,Maere,
367-89,Der Stricker,Der Ochse und die Maus,Fabel,
367-143,Der Stricker,Der Opfertod Christi des Königs,Religious,
368,Der Stricker,Der Pfaffe Amis,Maere,
,,Der Pfaffe in der Fischreuse,Maere,
,Heinrich von Pforzen,Der Pfaffe in der Reuse,Maere,
367-108,Der Stricker,Der Pfaffen Leben,Maere,
,,Der Pfau und der Esel,Fabel,
,,Der Prozess im Himmel,Maere,
367-93,Der Stricker,Der Rabe mit den Pfauenfedern,Fabel,
,,Der Reiher,Maere,
,,Der Reiterorden,Maere,
,,Der Renner,Moral,
367-126,Der Stricker,Der Richter und der Teufel,Maere,
,,Der Ritter im Hemd,Maere,
,,Der Ritter im Hemde,Maere,
,–,Der Ritter in der Kapelle,Maere,
,,Der Ritter mit den Nüssen,Maere,
,,Der Ritter und der Teufel,Maere,
,Ehrenfreund,Der Ritter und Maria,Maere,
,Jakob Appet,Der Ritter unter dem Zuber,Maere,
,–,Der Rosendorn (I),Minnerede,
,–,Der rote Mund,Minnerede,
367-1,Der Stricker,Der Salamander,Bispel,
367-40,Der Stricker,Der Schalk und die beiden Könige,Bispel,
,–,Der schlaflose Minner,Minnerede,
,Rüdiger der Hünkhofer,Der Schlegel,Maere,
,–,Der Schüler von Paris  C,Maere,
,–,Der Schüler von Paris B,Maere,
,,Der Schüler zu Paris A,Maere,
,–,Der schwangere Müller,Maere,
,Konrad von Würzburg,Der Schwanritter,Maere,
,,Der schwere Traum,Minnerede,
,–,Der Seele Kranz,Religious,
,,Der Sohn des Bürgers,Maere,
,,Der Spalt in der Wand,Maere,
,,Der Sperber,Maere,
,–,Der Spiegel,Maere,
,Elsässischer Anonymus,Der Streit um Eppes Axt,Maere,
,–,Der Striegel,Maere,
,,Der Student von Prag,Maere,
367-94,Der Stricker,Der Sünder und der Einsiedel,Maere,
367-133,Der Stricker,Der Taugenichts,Maere,
367-14,Der Stricker,Der Teufel und die Seele,Maere,
,,Der Thron der Ehre,Minnerede,
367-96,Der Stricker,Der Tor und das Feuer,Maere,
,,Der Traum,Minnerede,
,,Der Traum am Feuer,Minnerede,
,–,Der Traum von der Liebe,Minnerede,
,–,Der treue Liebhaber,Minnerede,
,–,Der Tropfen auf dem Stein,Minnerede,
,,Der tugenden Schatz,Didaktik,
367-159,Der Stricker,Der Turse,Maere,
,,Der umgekehrte Wagen,Minnerede,
,Der Stricker,Der unbelehrbare Zecher,Bispel,
,,Der unentschlossene Minner,Minnerede,
,,Der unentwegte Liebhaber,Minnerede,
367-34,Der Stricker,Der unfruchtbare Baum,Bispel,
367-120,Der Stricker,Der ungeratene Sohn,Bispel,
367-56,Der Stricker,Der verflogene Falke,Bispel,
,,Der Vogel und der Sperber,Fabel,
367-149,Der Stricker,Der wahre Freund,Bispel,
367-62,Der Stricker,Der Waldschrat,Maere,
,,Der warnende Ehemann,Maere,
,,Der Wechsler und sein Sohn,Maere,
,,Der Weiber Kleiderpracht,Minnerede,
367-7,Der Stricker,Der Weidemann,Maere,
,Konrad von Würzburg,Der Welt Lohn,Maere,
,Peter Suchenwirt,Der Widerteil,Maere,
,Der Freudenleere,Der Wiener Meerfahrt,Maere,
,–,Der Wirt der Seele,Maere,
,,Der Wolf als Zeuge,Fabel,
,–,Der Wolf an der Wiege,Fabel,
,,Der Wolf in der Schule,Bispel,
367-47,Der Stricker,Der Wolf und das Weib,Fabel,
367-50,Der Stricker,Der Wolf und der Bauer,Fabel,
,–,Der Wolf und der Kranich,Fabel,
,–,Der Wolf und der Ochsenhirt,Fabel,
367-48,Der Stricker,Der Wolf und die Gänse,Fabel,
367-49,Der Stricker,Der Wolf und sein Sohn,Fabel,
367-138,Der Stricker,Der Wucherer,Maere,
,–,Der wucherische Wechsler und der Fromme,Maere,
367-92,Der Stricker,Der wunderbare Stein,Bispel,
,,Der Wunderer,Maere,
,,Der Würfel,Bispel,
,–,Der Württemberger,Maere,
,–,Der Zahn,Bispel,
,–,Der Zaunkönig,Maere,
,Rudolf von Ems,Der Zweikampf,barlaam,
,,Des Buben Paternoster,Geist.Parodie,
,Der Stricker,Des Gastes Hofzucht,Bispel,
,–,Des Hundes Not,Fabel,
367-76,Der Stricker,Des Königs alte Kleider,Maere,
,,Des Labers Lehren,Minnerede,
,,Des Labers Rat,Minnerede,
,,Des Liebhabers Verabschiebung,Minnerede,
,,Des Mädchens Klage,Minnerede,
,–,Des Minners Klage,Minnerede,
,Der Zwickauer,Des Mönches Not,Maere,
367-95,Der Stricker,Des Muses Lehre,Maere,
,–,Des Teufels Ächtung,Maere,
,,Des Vögleins Lehren,Fabel,
,,Deutsche Chronik,,
,,Die 15 Zeichen des Jüngsten Tags,Religious,
,,Die acht Farben,Bispel,
,Der Stricker,Die Äffin und die Nuss,Fabel,
367-100,Der Stricker,Die Äffin und ihre Kinder,Fabel,
,Volrat,Die alte Mutter,Maere,
,,Die alte und die neue Minne,Minnerede,
,,Die Bärenjagd,Minnerede,
,–,Die Bauernhochzeit,Minnerede,
,Hans Rosenplüt,Die Beichte,Maere,
,,Die Beichte der zwölf Frauen,Maere,
,,Die Beichte einer Frau,Maere,
,,Die beiden Freier,Maere,
,Der Stricker,Die beiden Knappen,Maere,
367-137,Der Stricker,Die beiden Königinnen,Maere,
,,Die beiden Schwestern,Maere,
367-63,Der Stricker,Die beiden Zimmerleute,Maere,
,,Die Beständige und die Wankelmütige,Maere,
,–,Die Bettlerin,Maere,
,,Die blaue Rede,Minnerede,
,–,Die Blume und der Reif,Maere,
,,Die böse Frau,Maere,
,,Die böse Frau und der Teufel,Maere,
,–,Die Bremse im Blütenhaus,Maere,
,,Die Buhlschaft auf dem Baum,Maere,
367-147,Der Stricker,Die Buße des Sünders,Bispel,
,Der Stricker,Die drei Gott verhassten Dinge,Bispel,
,Niemand,Die drei Mönche zu Kolmar,Maere,
,,Die drei Wäscherinnen,Maere,
367-26,Der Stricker,Die drei Wünsche,Maere,
,–,Die edle Abstammung der Bürger,Maere,
,–,Die Eiche und das Rohr,Maere,
,Der Stricker,Die eingemauerte Frau,Maere,
,,Die Ermordung eines Juden und die Rebhühner,Maere,
,,Die Eule,Fabel,
367-55,Der Stricker,Die Eule und der Habicht,Fabel,
367-133,Der Stricker,Die ewige Verdammnis,Bispel,
367-114,Der Stricker,Die feisten Jagdvögel,Bispel,
367-41,Der Stricker,Die freigebige Königin,Maere,
,,Die Frösche und die Nachtigall,Fabel,
,,Die Füchsin und die Affen,Fabel,
,Johannes Duro,Die fünf Namen,Bispel,
367-166,Der Stricker,Die fünf teuflischen Geister,Bispel,
367-36,Der Stricker,Die Gäuhühner,Fabel,
,Der Regensburger,Die Geburt Christi,Religious,
367-51,Der Stricker,Die geliehenen Kleider,Maere,
,,Die getrennten Minnenden,Minnerede,
,,Die Gevatterinnen,Maere,
,–,Die gezähmte Widerspenstige,Maere,
,,Die goldene Fessel,Maere,
,Konrad von Würzburg,Die goldene Schmiede,Maria,
,–,Die Graserin,Minnerede,
,Hermann von Sachsenheim,Die Grasmetze,Maere,
,Konrad von Würzburg?,Die halbe Birne,Maere,
,–,Die halbe Decke,Maere,
,–,Die halbe Decke B,Maere,
,,Die halbe Decke II,Maere,
,,Die halbe Decke IV,Maere,
,,Die Handwerke,Maere,
,,Die Heiden,Maere,
,–,Die Heidin,Maere,
,–,Die Heidin B,Maere,
,–,Die heiligen Farben,Religious,
,,Die Heimkehr des gefangenen Geliebten,Maere,
,Der Stricker,Die Herren zu Österreich,Maere,
367-167,Der Stricker,Die Heuschrecken,Maere,
,,Die Hundsfliegen,Fabel,
367-151,Der Stricker,Die irdenen Gefässe,Bispel,
,Hadamar von Labert,Die Jagd,Minnerede,
,,Die Jagd der Minne,Minnerede,
,–,Die Jagd des Lebens,Minnerede,
367-33,Der Stricker,Die Katze,Fabel,
762,Herrand von Wildonie,Die Katze,Fabel,
,,Die Katze als Diener,Fabel,
,,Die Katze als Nonne,Fabel,
,–,Die Kinder der Edelleute,Bispel,
752,Hartmann von Aue,Die Klage,Minnerede,
367-158,Der Stricker,Die Klage,Bispel,
1340,Egen von Bamberg,Die Klage der Minne,Minnerede,
,,Die Klage des Einsiedlers,Minnerede,
,Peter Schmier,Die Klage des Wolfs,Fabel,
,–,Die Kohlen,Maere,
367-30,Der Stricker,Die Königin vom Mohrenland,Maere,
,Schondoch,Die Königin von Frankreich,Maere,
367-99,Der Stricker,Die Kupplerin,Maere,
,Heinrich von Freiberg,Die Legende vom heiligen Kreuz,Religious,
,,Die Leseprobe,Minnerede,
,,Die Liebesprobe,Minnerede,
,,Die Linde der Dorn,Minnerede,
,,Die Linde im Verbogenen,Minnerede,
367-59,Der Stricker,Die Martinsnacht,Maere,
,,Die Maze,Bispel,
,,Die Meierin mit der Geiß,Maere,
367-12,Der Stricker,Die Messe,Religious,
,,Die Messerlein,Religious,
367-105,Der Stricker,Die Milch und die Fliegen,Fabel,
,,Die Minne und die Ehre,Minnerede,
,–,Die Minne vor Gericht,Minnerede,
,,Die Minneburg,Minnerede,
,,Die Minnesänger,,
,,Die Nacht in der Feldscheune,Minnerede,B66
,,Die Nachtigall A,Minnerede,
,,Die neun Merkmale einer schönen Frau,Minnerede,
,,Die Niklashauser Fahrt,,
,,Die Ratte,Minnerede,
,Freidank,Die Rebhühner,Moral,
,–,Die rechte Art der Minne,Minnerede,
367-88,Der Stricker,Die reiche Stadt,Bispel,
367-124,Der Stricker,Die Schlange ohne Gift,Bispel,
,,Die Schnecke und die Krähe,Fabel,
,,Die schöne Abenteuer,Minnerede,
,–,Die Schönheit der Geliebten,Minnerede,
,Hans Rosenplüt,Die sechs Ärzte,Maere,
,,Die sechs Farben,Religious,
,Der Stricker,Die sechs Teufelsscharen,Religious,
367-135,Der Stricker,Die sechs Versuchungen,Religious,
,–,Die sieben größten Freuden,Religious,
367-115,Der Stricker,Die sieben himmlischen Gaben,Religious,
367-131,Der Stricker,Die Spieler,Maere,
,–,Die Tierbeichte,Geist.Parodie,
,Hans Rosenplüt,Die Tinte,Maere,
367-134,Der Stricker,Die Tochter und der Hund,Maere,
367-107,Der Stricker,Die törichten Pfaffen,Maere,
,Herrand von Wildonie,Die treue Gattin,Maere,
367-116,Der Stricker,Die undankbaren Gäste,Maere,
367-130,Der Stricker,Die ungehorsamen Juden,Maere,
,,Die Unminne,Minnerede,
367-112,Der Stricker,Die verlorenen Christen,Maere,
,,Die verspotteten Liebhaber,Minnerede,
,,Die versuchte Treue,Maere,
367-128,Der Stricker,Die vier Evangelisten,Religious,
,,Die Weintrauben,Bispel,
367-123,Der Stricker,Die Weisheit Salomons,Bispel,
,,Die Wette,Maere,
,,Die Woche,Minnerede,
,Peter Schmier,Die Wolfsklage,Bispel,
,,Die Wünsche,Maere,
,,Die zehn Lebensalter,Bispel,
,,Die zehn Schwestern,Minnerede,
,,Die zwei Beichten,Maere,
367-52,Der Stricker,Die zwei Herren,Maere,
,,Die zwei Maler,Maere,
367-150,Der Stricker,Die zwei Märkte,Maere,
,,Die zwölf Trünke,Maere,
,,Dietrichs Flucht,Epik,
,,Drei buhlerische Frauen,Maere,
367-121,Der Stricker,Drei Gott verhassten Dinge,Religious,
,,Dresdner Liebesbriefe (I) (B119),Minnerede,
,,Dresdner Liebesbriefe (II) (B120),Minnerede,
,Der Stricker,Edelmann und Pferdehändler,Bispel,
,Ulrich Boner,Edelstein,Minnerede,
,,Ehe im Leben und im Tode,Minnerede,
367-86,Der Stricker,Ehemanns Rat,Maere,
367-163,Der Stricker,Ehescheidungsgespräch,Maere,
367-42,Der Stricker,Ehre und Seelenheil,Bispel,
,–,Ehren und Höhnen,Fabel,
,,Ehrenrede auf Ritter Heinrich von eschweiler,,
,,Eiche und Rohr,Fabel,
367-122,Der Stricker,Ein Beispiel Salomons,Bispel,
,,Ein Traum vom Liebesglück,Minnerede,
,Hartmann von Aue,Erec,Epik,
,,Ermahnung wider die Türken,,
,–,Facerus cum nihil utilius,Moral,
,Der Stricker,Falsche und rechte Freigiebigkeit,Moral,
,,Fink und Nachtigall,Fabel,
,,Fluch über die ungetreuen Frauen,Moral,
367-161,Der Stricker,Frau Ehre und Frau Schande,Moral,
,–,Frau Ehrenkranz,Moral,
,Der arme Konrad,Frau Metze,Maere,
,,Frau Minne warnt vor Hochmut,Minnerede,
,–,Frau Minne warnt vor Lügen,Minnerede,
,–,Frau Seltenrein,Minnerede,
,–,Frau Venus und die Minnenden,Minnerede,
,Der Stricker,"Frau, Ehre und Frau Schande",Bispel,
,Ulrich von Liechtenstein,Frauenbuch,Minnerede,
367-3,Der Stricker,Frauenehre,Minnerede,
,,Frauenehre (I),Minnerede,
,,Frauenehre (II),Minnerede,
,Sibote,Frauenerziehung,Minnerede,
,Konrad Harder,Frauenkranz,Minnerede,
367-69,Der Stricker,Frauenleben und Pfaffenleben,Bispel,
,,Frauenlist,Maere,
,–,Frauentreue,Maere,
,Siegfried der Dörfer,Frauentrost,Maria,
,,Fuchs und Affe,Fabel,
,,Fuchs und Füchsin,Fabel,
,,Fuchs und Katze,Fabel,
,,Fuchs und Rabe,Fabel,
,,Fuchs und Wolf im Brunnen,Fabel,
,Konrad von Stoffeln,Gauriel von Muntabel,Epik,
,,Gebet zu Johannes dem Täufer,Religious,
,Heinrich der Teichner,Gedichte,Lyrik,
,Der Stricker,Gegen Gleichgeschlechtichkeit,Moral,
,,Geistliches ABC,,
,,Gespräch mit einem alten Liebhaber,Minnerede,
,–,Gespräch zwischen Herz und Mund,Minnerede,B51
,–,Glaubenbekenntnis eines Liebenden,Minnerede,
,–,Glück im Traum,Minnerede,
,,Glückliche Werbung,Minnerede,
,–,Gold und Zers,Minnerede,
,Hermann von Sachsenheim,Grabinschrift,Minnerede,
,,Guldin Rei,Minnerede,
,,Habicht und Huhn,Fabel,
,,Harm der Hund,Fabel,
367-43,Der Stricker,Hase und Löwe,Fabel,
,Konrad von Würzburg,Heinrich von Kempten,Maere,
,Hermann Fressant,Hellerwerwitz,Maere,
,Wernher der Gärtner,Helmbrecht,Maere,
,–,Henne und Fuchs,Fabel,
,–,Hero und Leander,Maere,
,,Herz und Leib,Minnerede,
,Konrad von Würzburg,Herzmaere,Maere,
,,Herzog Albrecht III von Österreich,,
367-87,Der Stricker,Hofhund und Jagdhunde,Fabel,
,Tannhäuser,Hofzucht,Moral,
,,Hund am Wasser,Fabel,
,,Ironische Minnelehre,Minnerede,
,–,Ironischer Frauenpreis,Minnerede,
,Hartmann von Aue,Iwein,Epik,
,,Jesu dulcis memoria,Religious,
,,Jesu Minne,Religious,
,Heinrich von Freiberg,Johann von Michelsberg,Maere,
,–,Judeneid,,
,,Junge Frau und alter Mann,Minnerede,
,–,Kettenreime,,
,,Kinder soll man ziehen,Moral,
,,Klage,Minnerede,
,,Klage einer jungen Frau,Minnerede,
,–,Klage einer Liebenden,Minnerede,B64
,,Klage eines Impotenten,Minnerede,
,–,Klage eines Liebenden,Minnerede,
,,Klage eines Liebenden II,Minnerede,
,,Klage eines Liebenden III,Minnerede,
,–,Klage eines verlassenen Liebhabers,Minnerede,
,–,Klage über die Arglist der Klaffer,Minnerede,B60
,,Klage über die falsche Minne,Minnerede,
,–,Klage über die Trennung von der Geliebten,Minnerede,B62
,–,Klage über die Untreue der Geliebten,Minnerede,B56
,–,Klage über Trennung von der Geliebten G,Minnerede,
,–,Klage um den Tod von Frauen,Minnerede,
,,Klage um eine edle Herzogin,Minnerede,
,–,Klage vor Frau Minne,Minnerede,B65
,,Kloster der Minne,Minnerede,
,Heinz der Kellner,Konni,Maere,
,,Krähe und Habicht,Fabel,
,,Krähe und Taube,Fabel,
,,Krähe und Taube,Fabel,
,,Krieg mit den Reichsstädten,,
,,Kuckuck und Wiedehopf,Fabel,
,,Kudrum,Epik,
,,Laurin,Epik,
,,Legende des heiligen Ulrich,Legende,
,,Legende des heiligen Wilhelm,Legende,
,,Lehren des Aristoteles,Didaktik,
,Walther von der Vogelweide,Leich,Lyrik,
,Reinmar von Zweter,Leich,Lyrik,
,,Liebe und Leid,Minnerede,
,Peter Suchenwirt,Liebe und Schönheit,Minnerede,
,–,Liebesbekenntnis,Minnerede,
,–,Liebesbrief (B145),Minnerede,B145
,,Liebesbrief Parodie,Minnerede,
,–,Liebesbrief(B77),Minnerede,B77
,–,Liebesbrief(B78),Minnerede,B78
,–,Liebesbrief(B79),Minnerede,B79
,–,Liebesbrief(B80),Minnerede,B80
,–,Liebesfreuden und -leiden,Minnerede,B69
,,Liebesgespräch II,Minnerede,
,,Liebesgruß mit einem Geschenk (B159a),Minnerede,B159a
,–,Liebesgrüsse(B82),Minnerede,B82
,–,Liebeshoffnung,Minnerede,
,,Liebesklage,Minnerede,
,,Liebesklage,Minnerede,
,,Liebesklage,Minnerede,
,–,Liebesklage an die Geliebte,Minnerede,B68
,,Liebesklage einer Frau,Minnerede,
,–,Liebesklage einer Frau (B44),Minnerede,
,–,Liebesklage einer Frau (B47),Minnerede,
,,Liebesklage eines Mannes,Minnerede,B57
,,Liebesklage IV,Minnerede,
,–,Liebesklage(B40),Minnerede,
,–,Liebesklage(B41),Minnerede,
,–,Liebesklage(B43),Minnerede,
,–,Liebesklage(B63),Minnerede,
,–,Liebesklage(B70),Minnerede,
,–,Liebesklage(B71),Minnerede,
,–,Liebesklage(B72),Minnerede,
,–,Liebespein,Minnerede,B58
,,Liebesseufzer,Minnerede,
,,Liebeswerbung,Minnerede,
,,Lob der beständigen Frauen,Minnerede,
,,Lob der Frauen,Minnerede,
,,Lob der Frauen I,Minnerede,
,Konrad von Würzburg,Lob der Geliebten,Minnerede,Trojanerkrieg
,–,Lob der Geliebten,Minnerede,
,–,Lob der Geliebten(3),Minnerede,
,,Lob der grünen Farbe,Minnerede,
,,Lob der guten Fut,Minnerede,
,,Lob der Jungfrau Maria,Religious,
,,Lob einer Frau nach dem ABC,Minnerede,
,,Lob und Schelte einer Frau nach dem ABC,Minnerede,
,–,Lotterspruch,Minnerede,
,,Löwe und Maus,Fabel,
,,Löwe und Sohn,Fabel,
,,Lucidarius,Didaktik,
,,Lügenpredigt,Geist.Parodie,
,–,Lügenpredigt vom Backofen,Geist.Parodie,
,–,Lügenrede,Geist.Parodie,
,–,Mahnung,Religious,
367-102,Der Stricker,Mahnung zu rechtzeitiger Busse,Religious,
,,Männertreue und Frauentreue,Minnerede,
,,Margaretlegende,Legende,
,–,Marien Rosenkranz,Maria,
,,Mariengebet,Maria,
,,Mariengruß,Maria,
,,Mariengrüße,Maria,
,,Marienlied,Maria,
,,Meiden und Leiden,Minnerede,
,,Melusine,Epik,
,,Minne und Gesellschaft,Minnerede,
,,Minneabenteuer,Minnerede,
,,Minnedurst,Minnerede,
,Johann von Konstanz(?),Minneklage,Minnerede,
,,Minneklage,Minnerede,
,–,Minneklage (B30b),Minnerede,
,–,Minneklage eines Mannes,Minnerede,
,–,Minneklage eines Mannes,Minnerede,
,–,Minneklage eines Mannes,Minnerede,
,,Minneklage eines Mannes,Minnerede,
,–,Minneklage(B67),Minnerede,
,Johann von Konstanz(?),Minnelehre,Minnerede,
,–,Minner und Trinker,Minnerede,
,,Minnesprüche an die Geliebte(B73),Minnerede,B73
,–,Minnesprüche an die Geliebte(B74),Minnerede,
,–,Mönch Felix,Maere,
,,Moriz von Craun,Maere,
,–,Narrenfastnacht,Fastnachtspiel,
,,Naujahsgruß auf 1441,Minnerede,B161
,,Naujahsgruß auf 1442,Minnerede,B162
,,Naujahsgruß auf 1443,Minnerede,
,,Naujahsgruß auf 1444,Minnerede,
,,Naujahsgruß auf 1445,Minnerede,
,,Naujahsgruß auf 1446,Minnerede,
,,Naujahsgruß auf 1447,Minnerede,
,,Naujahsgruß auf 1448,Minnerede,
,,Neun Männer  Neun Frauen,Minnerede,
,,Nibelungenlied,Epik,
,,Niemand kennt den anderen,,
,Der Stricker (?),Ochse und Hirsch,Fabel,
,,Öl und Zugabe im Doppelglas,Bispel,
,,Ordnung der Regensburger Judenpredigt,,
,,Ortnit,Epik,
,,Passion Christi,Religious,
,,Passional,Miracle,
,,Passional,Miracle,
,,Passional,Miracle,
,,Passional,Miracle,
,,Passional,Miracle,
,,Passional,Miracle,
,,Passional,Miracle,
,,Passional,Miracle,
,,Passional,Miracle,
,,Passional,Miracle,
,,Passional,Miracle,
,,Passional,Miracle,
,,Passional,Miracle,
,,Passional,Miracle,
,,Passional,Miracle,
,,Passional,Miracle,
,,Passional,Miracle,
,,Passional,Miracle,
,,Passional,Miracle,
,,Passional,Miracle,
,,Passional,Miracle,
,,Passional,Miracle,
,,Passional,Miracle,
,,Passional – Aposteln,Religious,
,,Passional – Aposteln,Religious,
,,Passional – Das Marienbild in Konstantinopel,Religious,
,,Passional – Der ertrunkene Glöckner,Religious,
,,Passional – Der Jesusknabe als Geisel,Religious,
,,Passional – Der Scholar und das Marienbild,Religious,
,,Passional – Der Teufel als Kämmerer,Religious,
,,Passional – Der Traum des Scholaren,Religious,
,,Passional – Der Traum des Sünders,Religious,
,,Passional – Die Ave Maria-Lilie,Religious,
,,Passional – Die Blume im Munde,Religious,
,,Passional – Die geschwätzigen Mönche,Religious,
,,Passional – Die Rettung des gehängten Diebes,Religious,
,,Passional – Drei Äpfel zur Warnung,Religious,
,,Passional – Ein Scholar,Religious,
,,Passional – Erscheinung am Lichtmeßtage,Religious,
,,Passional – Gaude Maria virgo,Religious,
,,Passional – Hilfe in Seenot,Religious,
,,Passional – Maria im Turnier,Religious,
,,Passional – Maria rettet einen Maler,Religious,
,,Passional – Maria rettet einen Ritter um seiner Frau willen,Religious,
,,Passional – Marias Fürbitte für einen Ritter,Religious,
,,Passional – Prologue,Religious,
,,Passional – salve sancta parens,Religious,
,,Passional – Theophilus,Religious,
,,Passional – Vom Geburtsfest Mariae,Religious,
,,Passional – Vom Geburtsfest Mariae,Religious,
,,Passionsgebet,Religious,
,,Passionsgebet,Religious,
,,Paternoster-Parodie,Geist.Parodie,
,Hans Andree,Pestgedicht,,
,Der Stricker,Pfaffe Amis,Maere,
,–,Pfaffe und Ehebrecherin,Maere,
367-77,Der Stricker,Predigtmärlein vom brüllenden Löwen,Fabel,
,–,Preis der Geliebten,Minnerede,
,–,Preis der Geliebten,Minnerede,
,–,Preis einer Frau,Minnerede,
,,Priamel,Moral,
,,Priesterkönig Johannes,Maere,
367-13,Der Stricker,Processus Luciferi,Maere,
,–,Pyramus und Thisbe,Maere,
,–,Quodlibet,Moral,
,,Rabenschlacht,Epik,
,,Rat der Frau Treue,Minnerede,
,,Rat der Vögel,Fabel,
,,Ratschläge für einen Zaghaften,Minnerede,
,,Rätsel,,
,,Recepte,,
,Kaltenbach,Rechte Liebe,Minnerede,
,,Rede vom Teichner,,
,,Rede von hübscher Lüge,Minnerede,
,Heinrich der Glichezare,Reinhart Fuchs,Fabel,
,Hugo von Trimberg,Renner,Moral,
,Heinrich der Teichner,Ritter oder Knecht,Minnerede,
,–,Rittertreue,Maere,
,,Römischer Liebesbrief I,Minnerede,
,,Rosengarten zu Worms,Epik,
,,Saint Thomas,Legende,
,,Salomon und Markolf,Didaktik,
,,Salve Regina,Religious,
,,Schachbuch,Didaktik,
,,Scheidsamen,Minnerede,
,,Schelte einer Frau nach dem ABC,Minnerede,
,–,Schelte gegen die Klaffer,Minnerede,B59
,,Schloss immer,Minnerede,
,,Schönheitspreis,Minnerede,
,–,Schrätel und Wasserbär,Fabel,
,,Schule der Minne,Minnerede,
,,Schule der Minne I,Minnerede,
,,Segen der fernen Geliebten,Minnerede,
,–,Sehnsucht nach dem Geliebten (B46),Minnerede,
,–,Sehnsuchtsklage einer Frau,Minnerede,
,–,Sekte der Minner,Minnerede,
,,Sieben Weingrüße und -segen,,
,Hermann von Sachsenheim,Spiegel + Schleiertüchlein,,
,,Spiegel der Gottheit,Religious,
,,Spiegel und Igel,Fabel,
,,Spottgedicht auf Kaiser Ludwig den Bayern,,
,,Spruch vom Dreck,,
,,Spruch von der Armut,,
,,Spruch von der Pestilenz,,
,,Sprüche,,
,,Sprüche,,
,,Sprüche von der Armut,,
,,Sprüche von der Armut,,
,Freidank,Spruchgedicht von der Minne,Minnerede,
,–,Stiefmutter und Tochter,Minnerede,
,,Streit der vier Töchter Gottes,Religious,
,,Streit für und gegen die Minne,Minnerede,
,,Streitgespräch zweier Frauen über die Minne,Minnerede,
,,Streitgespräch zwischen Mai und August,Minnerede,
,,Studentenabenteuer A,Maere,
,–,Thomas von Kandelberg,Maria,
,–,Tischzucht,Didaktik,
,Wolfram von Eschenbach,Titurel,Epik,
,,Tor Hunor,Maere,
,,Totenklage auf Graf Wernher von Hohenberg,,
,,Totenklage um die Herzogin Beatrix von Tirol,,
,,Totentanz,Religious,
,,Traktak vom geistlichen Streit,Religious,
,,Traugemundslied,,
,,Traumbuch,,
,,Unser Frauen Klage,Maria,
,,Unser Frauen Ritter,Maere,
,,Urkunde der Minne,Minnerede,
,,Veilchen und Haselblume,Fabel,
,,Venite lieben gesellen,Minnerede,
,,Vergebliche Vorhaltungen,Maere,
,,Verlorene Mühe,Minnerede,B53
,,Verschwiegene Liebe,Minnerede,
,,Viel anders,Minnerede,
,,Vier Lügen,Minnerede,
,,Vier Priameln,,
,,Visio Philiberti C,Legende,
,,Vogel Rose und Distel,Fabel,
,Friedrich von Saarburg,Vom Antichrist,Religious,
,,Vom Eidschwören,Moral,
,,Vom Geiz,Moral,
,,Vom Hasen,Fabel,
367-11,Der Stricker,Vom heiligen Geist,Religious,
,,Vom himmlischen Hof,Religious,
,Der König vom Odenwald,Vom mangelnden Hausrat,Moral,
,–,Vom Pfennig,,
,,Vom Prangen in der Roßhaut,,
,–,Vom Tavernenleben,,
,Heinrich der Teichner,Vom Teufel und seinen drei Töchtern,Moral,
367-78,Der Stricker,Vom Tode,Moral,
,,Vom Würfelspiel,Moral,
,Willem van Hildegaerberch,Vom Zweifel,Minnerede,B54
,,Von alten Weibern,Minnerede,
367-119,Der Stricker,Von bösen Frauen,Moral,
,,Von dem Hurübel I,Didaktik,
,,Von dem jungesten tage,Religious,
,,Von dem Jungesten Tage,,
,,Von dem üblen Weib,Minnerede,
,,Von den 10 Geboten,,
,,Von den Barfüßermönchen,Religious,
,–,Von den Buchstaben,Moral,
,–,Von der Barmherzigkeit,Religious,
,,Von der Fastnacht,Moral,
,,Von der Harre,Moral,
367-81,Der Stricker,Von der Hoffart,Moral,
,,Von der Kuh,Bispel,
,,Von der Natur des Kindes,Moral,
,,Von der Unstetigkeit der Frauen,Moral,
,,Von der Welt Lauf,Moral,
367-0,Der Stricker,Von drei Freunden,Maere,
,–,Von drei Wappen,Maere,
,Der Stricker,Von Edelsteinen,Didaktik,
,,Von eime trunken buoben,Maere,
,Der Stricker,Von einem Hofhund,Maere,
,,Von einem Kranz,Minnerede,
,–,Von einer Kröte,Fabel,
,,Von einer Rose,Minnerede,
367-46,Der Stricker,Von Eseln Gäuchen und Affen,Fabel,
,Suchensinn,Von Frauen und Jungfrauen,Bispel,
,,Von fünf Fürsten,,
,Heinrich der Teichner,Von Jägern,Bispel,
,,Von treulosen Männern,Bispel,
,,Von Verschwiegenheit,Bispel,
,,Von zwei Hunden,Fabel,
,,Von zwei Päpsten,Maere,
,,Wachtelmäre,Maere,
,,Wahre und falsche Liebe,Minnerede,
,,Warnung vor Hoffart,Moral,
,,Warnung vor Klaffern,Minnerede,
,,Warnung vor weltlichen Freuden zwischen Ostern und Pfingsten,Religious,
,–,Warum Gott sein Haupt neigte,Religious,
,,Warum Jagdtiere jagen,Didaktik,
,,Was Blütenfarben bedeuten,Didaktik,
,Walther von Griven,Weiberzauber,Didaktik,
,,Wer an den einzelnen Wochentagen badet,,
,,Wer kann allen recht tun,Minnerede,B52
,,Wer kann allen recht tun (B52)(I),Minnerede,
,,Wer kann allen recht tun (B52)(I),Minnerede,
,,Wer kann allen recht tun (B52)(II),Minnerede,
,,Wer kann allen recht tun (B52)(II),Minnerede,
,,Wer kann allen recht tun (B52)(III),Minnerede,
,,Wer kann allen recht tun (B52)(III),Minnerede,
,,Wer kann allen recht tun (B52)(III),Minnerede,
,,Wer kann allen recht tun (B52)(III),Minnerede,
,,Wer kann allen recht tun (B52)(IV),Minnerede,
,,Wer lügt?,Minnerede,
,,Werbung des Freundes,Minnerede,
,,Wie der Mensch sein soll,Moral,
,Rudolf von Ems,Willehalm von Orleans,Epik,
,–,Wohltun und Fröhlichsein,Minnerede,
,,Wolf beim Schachspiel,Fabel,
,,Wolf und Lamm,Fabel,
,Stephan von Vohburg,Wolf und Pfaffe,Fabel,
,,Wolf und treuloser Hirte,Fabel,
,,Wolfdietrih,Epik,
,–,Zufriedene Liebe,Minnerede,
,,Zwölf Dinge zu einen vollkommenen Leben,Religious,
